accX,accY,accZ,acc_time
-0.018842232171446087,0.02075177520280704,-0.008048692345619201,0.06656550001935102
-0.003554239170625806,0.026669328748248518,-0.016730638146400453,0.07658550000633113
-0.00016397785395383835,0.01823532087961212,-0.014331525564193726,0.08660550002241507
0.002430011462420225,-0.0004965839255601168,0.0003420621156692505,0.09662450000178069
0.0045585624128580094,-0.022751219174824658,-0.004294195175170898,0.10664450001786463
0.012745714997872712,-0.025707023232243956,-0.015069444179534913,0.11666450000484474
0.006316007031127811,-0.02719680241774768,-0.002193875312805176,0.1266835000133142
-0.00042501035146415235,-0.022388353762216866,-0.012522981762886048,0.1367035000002943
-0.0012658125534653665,-0.01161439982475713,-0.0221024751663208,0.14672350001637824
-0.0011758019775152207,-0.00109096024883911,-0.00818083941936493,0.1567425000248477
-0.0037371291127055884,0.015303220886271448,0.0008010685443878174,0.1667625000118278
0.008230257527902723,0.025218949746340515,-0.011324887275695802,0.1767824999988079
0.0033915678039193155,0.027992743228096518,-0.0018950825929641725,0.18680150000727735
0.0018649511598050595,0.023138508133124562,-0.006685121655464173,0.1968215000233613
0.0023330755904316905,3.677122062072158e-05,-0.01581554889678955,0.2068415000103414
0.004202969474717975,-0.014205084093846382,-0.01716508626937866,0.21686050001881085
0.0023853990342468023,-0.01945905403699726,-0.006844165921211243,0.22688050000579096
0.0034984530787914993,-0.026890885687898845,-0.005038545727729798,0.2369005000218749
0.0012209351733326913,-0.02627423512749374,-0.008301876783370972,0.24691950000124052
-0.015615199534222484,-0.02344913689652458,0.001117987632751465,0.25693950001732446
-0.008853488489985467,-0.017557356781326236,-0.013242189288139344,0.2669585000257939
-0.00846887874417007,-0.009303116532973946,-0.013086068630218507,0.276978500012774
-0.001426821118220687,0.009345513414591552,-0.005162506699562073,0.28699849999975413
-0.0017524927575141192,0.008592807739041745,-0.003384368419647217,0.29701850001583807
0.013321218062192202,0.018553002846892923,-0.0011524862051010133,0.3070375000243075
0.01097877779044211,0.020149304140359165,-0.00880005955696106,0.31705750001128763
0.010089050838723778,0.010195915556978435,-0.00970170021057129,0.32707749999826774
0.01709925027564168,0.0012330818502232434,-0.004897627830505371,0.3370965000067372
0.0005516665242612362,-0.012383518817368896,0.0021453434228897094,0.34711650002282113
0.0003663189243525267,-0.02326974157942459,-0.010569427013397217,0.35713650000980124
-0.006214749701321126,-0.02045084916288033,-0.006224361062049866,0.3671555000182707
-0.0026611957512795927,-0.021070037323515863,-0.0029277008771896366,0.3771755000052508
-0.01381994901224971,-0.02397828935645521,-0.002638263702392578,0.38719450001372024
-0.009128371579572558,-0.013047853878233583,-0.00953213095664978,0.39721450000070035
-0.00859817530028522,0.0028389899362809955,-0.011187477707862855,0.4072345000167843
-0.005887022400274873,0.005372853430453688,-0.001026771068572998,0.4172545000037644
0.001773999547585845,0.0102642503217794,-0.004322846531867981,0.42727350001223385
-0.0006316820159554482,0.01400808545993641,-0.005522695183753968,0.43729349999921396
-0.0008925409242510796,0.019190230581443757,0.003013654947280884,0.4473125000076834
0.010402315417304636,0.0028419500892050567,-0.00746397078037262,0.45733250002376735
0.008413832690566779,-0.0030391931184567513,-0.00580628514289856,0.46735250001074746
0.008481760891154409,-0.008317106952890754,-0.011037788987159729,0.4773725000268314
0.006867417739704252,-0.017868266485165804,-0.013122906088829041,0.487391500006197
0.0017709023505449297,-0.02054004889447242,-0.01686103105545044,0.49741150002228096
-0.009720621434971691,-0.010479473539162428,-0.0048859333992004395,0.5074315000092611
-0.008891614163294434,-0.008681452441960573,-0.0006946492195129395,0.5174505000177305
-0.007801483031362295,-0.008955602345522494,-0.010422077178955078,0.5274705000047106
-0.005490361908450723,0.0081801610509865,-0.010582290887832642,0.5374905000207946
-0.010695553282275796,0.013569450639188291,-0.01013965666294098,0.5475095000001602
0.004206422986462712,0.01051784360781312,-0.007000871300697327,0.5575295000162441
0.004914118805900217,0.012898955445270985,-0.0014699900150299072,0.5675495000032242
0.005264028981328011,0.005256751938723028,-0.006861122846603394,0.5775685000116937
0.015137454606592656,0.00617278907680884,0.0022757363319396975,0.5875884999986738
0.009674748200923206,-0.002295568899717182,0.0012343472242355347,0.5976085000147577
0.012553688781335951,-0.0036966531327925624,-0.025854048728942872,0.6076275000232272
0.0018673631362617017,-0.013875081860460341,-0.013725754022598267,0.6176475000102073
-0.004937955345958472,-0.016926259486936032,0.001399238705635071,0.6276675000262912
-0.014115260811522604,-0.007235534226056189,-0.007133603096008301,0.6376865000056569
-0.007877012612298132,-0.009482747109141201,-0.002344733476638794,0.6477065000217408
-0.017064678613096476,0.005696067411918193,-0.00878310263156891,0.6577265000087209
-0.016590332379564643,0.011658114613965154,-0.018219923973083498,0.6677455000171904
-0.013176609110087157,0.010266845023725182,-0.005949541926383972,0.6777655000041705
-0.010925988396629692,0.016856652495916932,0.0009314614534378052,0.6877855000202544
0.0006663724500685931,0.018631188799627125,-0.0073037570714950565,0.69780449999962
0.003537857830524445,0.007640049629844725,-0.009847880601882936,0.707824500015704
0.015777185680344703,0.005577933099120856,-0.0016097384691238403,0.7178445000026841
0.014660093402490021,-9.355773450806738e-05,-0.01208794891834259,0.7278635000111535
0.015113544976338746,-0.012747503423597664,-0.009836186170578003,0.7378834999981336
0.022930093724280596,-0.02049580876948312,-0.0068353950977325445,0.7479035000142176
0.010702990209683776,-0.009385788396466524,0.002897295355796814,0.757922500022687
0.009003204619511962,-0.008017309242859483,-0.0011419612169265747,0.7679425000096671
0.0012543922103941442,-0.01206184886628762,-0.0008425837755203248,0.7779625000257511
0.0013134673610329629,-0.01047161862719804,-0.003986631631851196,0.7879815000051167
0.0006934158224612475,0.007042372827418149,-0.001146054267883301,0.7980015000212006
-0.007941807070747018,0.017147795869968833,-0.010879329442977906,0.8080215000081807
-0.017722846688702703,0.016263048187829556,-0.0048970431089401245,0.8180405000166502
-0.010889397617429495,0.014116884784307332,-0.0005642563104629516,0.8280605000036303
-0.01593696084804833,0.015112709007225932,-0.0028130954504013064,0.8380805000197142
-0.010191395385190845,0.008725952950771899,-0.021677382588386536,0.8480994999990799
-0.006498878700658679,-0.010548982315231116,0.0012232375144958496,0.8581195000151638
0.0008861363958567382,-0.010203852695412935,-0.003418866991996765,0.8681395000021439
0.004295593025162817,-0.009476845075841994,-0.012100812792778016,0.8781585000106134
0.004291262431070209,-0.007967386355157941,-0.005360142588615418,0.8881783750257455
0.012516175238415599,-0.016512767693493517,-0.00550339937210083,0.8981983750127256
0.01972105954773724,0.002823024296667427,-0.0043012118339538575,0.908217375021195
0.010774910962209106,0.0057057632831856615,-0.0045976656675338744,0.9182373750081751
0.009042490599676966,0.003680150737054646,-0.0011519014835357666,0.9282573750242591
0.0018570300098508597,0.015711676308419555,-0.010880498886108399,0.9382763750036247
0.0022217226773500443,0.0016877302760258319,-0.0007034200429916382,0.9482963750197086
-0.005735753104090691,-0.0015583994588814676,0.005730271339416504,0.9583163750066888
-0.011868422515690327,0.00592811736278236,-0.008939223289489746,0.9683353750151582
-0.0001527859177440405,0.0035199164715595545,-0.010140826106071473,0.9783553750021383
-0.009279686557129026,0.00568969942862168,-0.0035562765598297122,0.9883753750182223
-0.011434860611334443,0.00245046301279217,-0.004005342721939087,0.9983943750266917
0.00015615720301866533,0.008363537499681115,0.0016822439432144167,1.0084143750136718
0.006779453689232469,0.0034536076756194237,-0.004753201603889466,1.018434375000652
0.006603936720639468,-0.006190691606607289,0.00467718780040741,1.0284543750167359
0.0072861240617930895,-0.0009945131675340236,-0.014032732844352722,1.0384733750252053
0.0060167483612895015,-0.009953112211078407,-0.011785063147544862,1.0484933750121854
0.0033301629032939676,-0.013629412008449436,-0.014329771399497987,1.0585133749991655
-0.004910829747095704,-0.0022655448177829386,-0.002502023577690125,1.068532375007635
-0.00880341256968677,-0.0028663370897993447,0.0003438162803649903,1.078552375023719
-0.0113250151835382,0.0020145873469300567,0.009774790406227113,1.088572375010699
-0.016734776878729464,0.008688163035549224,-0.003697779178619385,1.0985913750191685
-0.0037606915645301345,0.01952358125941828,-0.019266575574874878,1.1086113750061486
0.0036968015972524883,0.014803119495045395,-0.0077411288022995,1.1186313750222325
0.013028309103101493,0.007625550362281502,0.0018371951580047608,1.1286503750015981
0.004670664500445128,-0.003419511099345982,-0.00834339201450348,1.138670375017682
0.012552062524482608,-0.0015443273121491076,-0.001456541419029236,1.1486903750046622
0.008940347051247955,-0.0007885038829408586,-0.0031013631820678714,1.1587093750131316
0.009682824667543173,-0.0035773128317669036,4.385411739349365e-05,1.1687293750001118
0.005462953085079789,0.010394661503378302,0.01172366738319397,1.1787493750161957
0.006549977883696556,0.005978506200481207,0.0015454190969467164,1.1887683750246651
-0.012348287058994175,0.00016007209662348033,0.007233590483665467,1.1987883750116453
-0.017577314972877504,0.0048942154319956905,0.015165923237800598,1.2088083749986254
-0.014155405601486565,0.0011869619367644191,0.01950631141662598,1.2188273750070948
-0.029861584156751633,0.006153838159516454,0.0021441739797592166,1.2288473750231788
-0.011263537192717195,-0.0127518705627881,0.02265211343765259,1.2388673750101589
0.0038133895955979828,-0.045159608786925674,-0.04964636921882629,1.2488863750186283
0.019201927296817304,-0.03569592451443896,0.04899849772453308,1.2589063750056084
0.05787760432809592,-0.02473145184572786,0.0021506059169769287,1.2689263750216924
0.09786284753121437,-0.007591421809047461,-0.0376625007390976,1.278945375001058
0.13199735761620104,-0.0023575927829369903,-0.02748308300971985,1.288965375017142
0.15979850174859167,0.002481058111879975,0.00021283864974975587,1.298985375004122
0.09183800443075597,0.01651553598465398,-0.013705873489379884,1.3090043750125915
0.022605207804590466,0.015143943645525725,-0.0086135333776474,1.3190243749995716
-0.06432355659082532,0.006971322305034847,0.006954678297042847,1.3290443750156555
-0.16378902543336155,0.04785798003897071,0.005309271812438965,1.339063375024125
-0.17485586777329445,0.017819403405301273,-0.023430962562561036,1.349083375011105
-0.14231695320457222,-0.03774668008787558,-0.01579566836357117,1.359103375027189
-0.14066077505238356,-0.024407321952749046,-0.017443998456001284,1.3691223750065546
-0.09340243611484766,-0.015885032548103483,-0.015950034856796264,1.3791423750226386
-0.045683272629976276,0.007745518782176078,-0.012061051726341249,1.3891623750096187
0.013976051397621632,0.043561870814301074,0.00021283864974975587,1.3991823750257026
0.05403618464246392,0.04935121273621917,-0.009816890358924866,1.4092013750050683
0.09900567669421435,0.02887256417423487,-0.002483312487602234,1.4192213750211522
0.12635710598900915,-0.0009267836809158325,0.007399651408195496,1.4292413750081323
0.12675931219942868,-0.026042105234228077,0.0030616021156311037,1.4392603750166018
0.0916920433100313,-0.050473622325807814,-0.007414854168891907,1.4492803750035819
0.05425831488333643,-0.061288550170138484,-0.006965788006782532,1.4593003750196658
0.006009585522115231,-0.04588395089842379,0.0069540935754776,1.4693193749990314
-0.04381409137509763,-0.011486398335546256,0.0006677520275115967,1.4793393750151154
-0.15234604267403484,0.09611426509916783,-0.012504855394363404,1.4893593750020955
-0.0977063066046685,0.012866405183449389,0.0014161956310272217,1.499378375010565
-0.06608188742771745,-0.013641894443426282,-0.005770617127418518,1.5093983750266489
-0.05033810396678746,0.0013589180423878135,-0.009214627146720887,1.519418375013629
-0.01879027417860925,0.0011379252676852049,-0.012061636447906495,1.5294373750220984
0.015085843792185189,0.009960512593388558,-0.011764013171195985,1.5394573750090785
0.04176114309579134,0.024815571808721872,-0.0030832368135452273,1.5494773750251625
0.052389416852965956,0.024676161396782848,0.003355132341384888,1.559496375004528
0.06153750451281667,0.007464027882087976,0.002610781788825989,1.569516375020612
0.057449487643316394,-0.013511894394177944,0.00021751642227172853,1.5795363750075921
0.04987434667535127,-0.03042946528410539,-0.008611194491386413,1.5895553750160616
0.03062368649058044,-0.03627766080200672,-0.02148208558559418,1.5995753750030417
-0.01686759090051055,-0.0392294677393511,-0.019838433265686035,1.6095953750191256
-0.04245147999376059,-0.021005813882220538,0.04497736752033234,1.6196143749984913
-0.057230025194585324,-0.0016404043743386866,-0.028820341229438783,1.6296343750145752
-0.06972353333607316,0.028310808918904515,-0.010858864188194275,1.6396543750015553
-0.08185382888652384,0.06744407854042947,-0.0018792951107025147,1.6496733750100248
-0.0171028773766011,0.024537618930917233,0.005154905319213868,1.6596933750261087
0.01017529726959765,0.006459656674414873,-0.030023698210716248,1.6697133750130888
0.046233961572870616,-0.0007743677822872997,-0.003528794646263123,1.6797323750215583
0.06756446722894907,-0.019628748914692552,-0.009066692590713502,1.6897523750085384
0.023915285607799888,-0.17172775357961656,0.01831698775291443,1.6997723750246223
0.10563507621176542,-0.3398551206663251,0.015464715957641602,1.709791375003988
0.4691323078796268,0.4637157762050629,0.12979240000247955,1.7198113750200719
0.647902045994997,0.10215900700539352,0.144256072640419,1.729831375007052
0.9265733273327351,0.3710081720352173,0.288903324007988,1.7398503750155214
0.9307623457163573,0.7700988397747278,0.1968722426891327,1.7498703750025015
0.6023522360622883,0.6021890987455846,-0.5857541835308075,1.7598903750185855
0.09494793743826449,0.3942363458499313,-0.3634617555141449,1.769909375027055
-0.911640707999468,0.4138196943327785,0.2083555895090103,1.779929375014035
-1.50825711786747,0.4939499741792679,-0.010034406781196594,1.7899493750010151
-1.2915727543830873,0.5816859832406044,4.093050956726074e-06,1.7999683750094846
-0.7453459679335356,0.13492936167865993,-0.04383599102497101,1.8099883750255685
-0.320213994383812,-0.6659183406829834,-0.06176121532917023,1.8200083750125486
-0.04648377472534776,-1.0659896595776082,-0.14552901148796082,1.8300283749995288
0.20567135207355022,-0.7513357094675303,-0.5343103802204132,1.8400473750079982
0.2890506190247834,-2.6254805195331574,-0.4225578099489212,1.8500673750240821
-0.02486572310328484,-0.17585687454789878,0.8759006255865097,1.8600873750110622
-0.04472986584529281,1.4720169523358346,0.09266024172306062,1.8701063750195317
0.07184218056499958,-2.770321313738823,-0.012314820885658264,1.8801263750065118
0.13743816437199713,-5.885876272916794,0.0975993847846985,1.890147166675888
-0.06476286521181465,-5.559426807761192,0.018449719548225402,1.9001661666843574
-0.2990670273452997,-5.25854897081852,-0.020888593196868897,1.9101861666713376
-0.640897520184517,-1.042822918072343,-0.12135486781597138,1.9202061666874215
-0.4530636110901833,1.117683942988515,0.03441963493824005,1.9302251666667871
-0.19576905582100154,1.9813411568105221,-0.010850678086280824,1.940245166682871
0.000474236598238349,3.2447249230742456,1.1694431304931641e-06,1.9502651666698512
0.23400178799405696,3.467937410473824,0.09380629599094391,1.9602841666783206
0.49870262760668993,2.5962938502430917,0.09051197469234468,1.9703041666653007
0.2751936132833362,0.691970171481371,-0.005880544781684875,1.9803241666813847
0.032514411080628636,0.2558988797105849,-0.1253982174396515,1.9903431666898541
0.3099572837725282,0.5846044016629458,0.011761674284934999,2.0003631666768342
0.5161465895175934,0.9368898622691632,0.10538144409656525,2.010383166692918
0.405548076890409,0.9517497568577529,-0.1021385782957077,2.020402166672284
0.3656907141208649,1.0736093855649234,-0.04255954384803772,2.0304221666883677
0.21010880403220655,1.2485169281065465,0.021494364738464358,2.040442166675348
0.12266320059075952,1.3296012908220292,-0.016235378980636598,2.0504611666838173
-0.17926938269287349,1.0490127805620433,-0.010102819204330446,2.0604811666707974
-0.12958207382820547,-0.02391254700953141,0.005760676860809327,2.0705011666868813
-0.05972148723900318,0.06058555039577186,-0.0021734100580215457,2.080520166666247
-0.03401565629057586,0.04859687623567879,-0.009061430096626282,2.090540166682331
-0.025486788768321278,0.023984346706420183,-0.0056203436851501466,2.100560166669311
-3.120037727057934e-05,0.0017496742168441415,-0.0011308515071868897,2.1105791666777804
0.03210150629281998,-0.011655471946578474,0.000513385534286499,2.1205991666647606
0.03984033275395632,-0.023199200404342264,-0.008470276594161988,2.1306191666808445
0.04702062221243978,-0.01808727668831125,0.008442794680595398,2.1406391666678246
0.04900049856863916,-0.01330351196229458,-0.008473784923553468,2.150658166676294
0.02964163748547435,-0.010158422570675611,-0.015659428238868713,2.160678166692378
0.024051872910931707,-0.011792257963679732,-0.005032113790512085,2.170698166679358
0.006655858168378472,-0.011506664876360448,0.005296407938003541,2.1807171666878276
-0.013857051422819495,-0.00866138918325305,-0.007576822042465211,2.1907371666748077
-0.02971566871739924,-0.014374246783554555,-0.019402230978012087,2.2007571666908916
-0.025847671609371903,-0.008533684622962029,-0.005631453394889832,2.2107761666702572
-0.043677120348438625,0.021282008027192205,0.01083430588245392,2.220796166686341
-0.04054534250870347,0.04222050583921373,-0.024343128204345706,2.2308161666733213
-0.011356836827471854,0.04974962282460183,0.01217682659626007,2.2408351666817907
-0.009106846516951919,0.052535149566829205,-0.0012928193807601929,2.250855166668771
0.0049461871292442085,0.04433830796275288,-0.0009957808256149292,2.2608751666848548
0.014437177442014218,0.026845352780073883,-0.021502550840377808,2.2708941666933242
0.012977191647514702,-0.010853380139451474,0.0021453434228897094,2.2809141666803043
0.014015885554254056,-0.03424538105959073,-0.02000858724117279,2.2909341666672844
-0.0017377559468150139,-0.11649758577346803,-0.007723002433776856,2.300953166675754
-0.3142894858494401,-1.0842621354013682,0.0055940312147140505,2.310973166691838
0.03111180108971894,-0.06670659846626223,0.0615612405538559,2.320993166678818
0.7686344046145678,2.013626411855221,0.12738100826740265,2.3310121666872874
-0.025263635264709594,0.5596682561561466,-0.0003397232294082642,2.3410321666742675
-0.07552702277898789,0.9086331926286221,-0.13028707444667817,2.3510521666903514
0.21902310356497764,0.11183595704846085,-0.19956897854804995,2.361071166669717
0.23526222841814162,-0.49863567698746925,-0.01898883283138275,2.371091166685801
-0.14921038191765548,-0.22661220476031305,0.03092007637023926,2.381111166672781
-0.5105628640204668,0.0016339861415326595,0.05640575051307679,2.3911301666812506
-0.18343676637858153,-0.2001277348212898,0.08412038326263428,2.4011501666682307
-0.08832170820795,-0.09796666301786901,0.03473889291286469,2.4111701666843146
-0.11550445446744562,0.08274541050195694,0.017994221448898316,2.4211901666712947
-0.0798635371774435,0.07845692549832166,-0.008309478163719177,2.431209166679764
-0.026190263628959657,-0.22013643169775607,-0.05224662601947785,2.4412291666667443
-0.016514656618237495,-0.561885227970779,0.19415153324604034,2.451249166682828
-0.1807001050002873,-0.2466055526956916,0.665606684088707,2.4612681666912977
-0.5366694759204984,0.02675632435362786,0.7958259308338166,2.4712881666782778
-0.7496430136263371,0.1442040232848376,0.6407045620679855,2.481308166665258
-0.7322262047231197,0.1913041767664254,0.9227432548999787,2.4913271666737273
-0.12206106528639794,-0.033504833481274546,0.5777487605810165,2.5013471666898113
0.5798779145255685,-0.06788242785260082,0.6883155155181885,2.5113671666767914
0.5397250480949879,0.18570820866152646,0.46789419651031494,2.521386166685261
-0.2583223861455918,-0.17803134441375734,-0.9269105654954911,2.531406166672241
-1.0148352203518152,-0.48077173881232743,-1.4039088767766954,2.541426166688325
-1.115106271058321,-0.8278783205151559,-0.5926158910989762,2.5514451666676905
-0.8550080124288798,-1.4231751599907876,0.5040030920505524,2.5614651666837744
-0.7044058835506439,-2.104307371079922,1.4243729621171952,2.5714851666707546
-0.48457038246095185,-2.334620132446289,2.27730806350708,2.581504166679224
-0.31120314270257954,-1.7062214742600919,2.3243179231882096,2.591524166666204
-0.5568876127526164,0.25889457274228334,1.125580826997757,2.601544166682288
-0.8376784001290799,-1.1829032747447492,-0.34328652262687687,2.6115631666907575
-1.026794018894434,-1.7291865599155427,-0.10379392504692078,2.6215831666777376
-0.9340394908189774,-1.7258805441856384,0.3309471434354782,2.6316031666938215
-0.6576454076170921,-2.4768615469336512,0.7264171421527863,2.6416231666808017
-0.19455111734569075,-3.291090127229691,1.4742520505189896,2.651642166689271
0.4165668258816004,1.573641268014908,2.255010291337967,2.661662166676251
0.7033769197762013,2.559975624382496,2.6875568997859958,2.671682166692335
2.1681991656124593,4.909243324398995,3.1651282382011416,2.6817011666717008
3.4638636553287507,5.849232357144356,4.929895690083504,2.6917211666877847
3.2724763932824135,3.1256835061311725,6.818582013845444,2.701741166674765
2.8830872064828874,2.554378377199173,5.566109005808831,2.7117601666832343
1.2270054602622986,0.5282994425296784,2.828714532852173,2.7217801666702144
-0.05025502782315016,-1.5372078520059587,2.131745138168335,2.7318001666862983
-0.22965348780155184,-1.2827680170536042,2.104927468299866,2.741819166665664
-0.17599673263728619,0.11678161427378655,1.5905812364816667,2.751839166681748
-0.5358297792077065,1.2436470745503903,1.44775305390358,2.761859166668728
-1.2979023653268815,1.5624315708875658,1.3693050545454026,2.7718781666771974
-1.5265071550011635,1.076664701923728,1.2808618247509003,2.7818981666932814
-1.081334507614374,0.6142568016797304,1.5146568953990938,2.7919181666802615
-0.7735664579272271,0.7613873655349016,1.6736619848012926,2.801937166688731
-0.824740850776434,0.8520415737479926,1.4243045496940614,2.811957166675711
-0.9934764379262925,0.5955253559723497,0.9776000779867172,2.821977166691795
-1.166918595135212,0.10201359406113625,0.5754151368141175,2.831997166678775
-1.2165580938756466,0.3406039662659168,0.8217922461032868,2.8420161666872445
-1.7387721928954125,0.8743508210778237,0.6502396166324615,2.8520361666742247
-2.774546511769295,1.021080631390214,-0.41291925966739657,2.8620561666903086
-3.493389170765877,2.482559366226196,-2.1445078557729724,2.872075166669674
-3.5611361807584765,0.8015997639298439,-3.4325734502077103,2.882095166685758
-3.6454427978396415,0.38045588381588463,-5.077851880788804,2.8921152500261087
-3.3572423091530803,0.17658912867307663,-6.274543036222458,2.9021342500054743
-2.342208941280842,-1.0164767530560495,-6.22911367893219,2.9121542500215583
-0.7673347878456116,-2.0772498191893103,-4.896126850247383,2.9221742500085384
0.18634228438138964,-1.65542992785573,-4.139884230494499,2.932193250017008
2.0041971918940544,-2.9860993587970737,-3.390963494181633,2.942213250003988
2.4542240515351295,-1.6602648442983627,-3.0946862465143203,2.952233250020072
4.059612484574318,-2.9051651233434677,-1.2118225800991058,2.9622522499994375
4.650908659100533,-3.0030399119853977,-2.708368309736252,2.9722722500155214
4.942174258232117,-3.835682836174965,-2.710334728360176,2.9822922500025015
2.795869553089142,-1.6668695667386055,-3.4247171312570575,2.992311250010971
0.13751540243625643,-0.05150227546691895,-3.5121195566654206,3.002331250027055
-0.7329189535975457,0.07257037818431855,-2.430695732831955,3.012351250014035
-0.6784430766105652,0.5134466376900673,-2.146508188247681,3.022371250001015
-0.9207024304568768,0.5923803944885732,-2.5292745262384417,3.0323902500094846
-0.938810087889433,-0.050973540991544726,-2.8556321901082993,3.0424102500255685
-0.9840333308279515,-0.12902027517557144,-3.171036264896393,3.0524302500125486
-1.2033097650110722,-0.6800281105935574,-2.875232056975365,3.062449250021018
-1.6918580813705921,-1.4131799295544625,-2.2020929896831514,3.072469250007998
-2.1270229268074035,-2.2250798562169076,-2.0473815107345583,3.082489250024082
-2.6734943461418155,-2.6262564450502395,-2.1554023879766464,3.0925082500034478
-3.0976712501049044,-2.674565556049347,-0.6186816090345383,3.1025282500195317
-2.5239918592572215,-2.2811385744810107,1.7334830939769745,3.112548250006512
-1.5550943385064602,-1.0789837807416915,3.3288742500543598,3.1225672500149813
-0.8565243416279554,0.030606811791658403,6.452124145030976,3.1325872500019614
-0.9246891351789237,-0.5499711240828038,8.477743488550187,3.1426072500180453
-0.9078628219664098,-0.9955979539453984,9.010965701937677,3.1526262500265148
-0.31223978094756605,-0.00412374883890152,8.765513037443162,3.162646250013495
-0.030107898116111757,0.8649597541987897,8.550475249886514,3.172666250000475
-0.20290463235229256,0.9615447932481767,8.042526456713677,3.182686250016559
-0.7605823501199485,0.5982306799292565,6.881141958832741,3.1927052500250284
-1.3006603507697583,0.16964380592107775,5.454096819162369,3.2027252500120085
-1.6935599134862425,-0.2014852572977543,4.001309897303582,3.2127452499989886
-1.9359521453082562,-0.9404049159586431,2.2130062329769133,3.222764250007458
-2.2408502353727817,-1.9527174282073976,0.3819477277994156,3.232784250023542
-2.5517173093557357,-2.779918641149998,-0.704140419960022,3.242804250010522
-2.7570776626467706,-3.2524300915002824,-1.2512129330635071,3.2528232500189915
-2.918753467798233,-3.1261521604657174,-1.9316335380077363,3.2628432500059716
-2.944268378019333,-2.2840884947776794,-3.1343397241830826,3.2728632500220556
-2.386123284995556,-1.6700688707828522,-4.374135383963585,3.282882250001421
-2.1727501997351646,-1.9073271010816097,-5.766114186644554,3.292902250017505
-2.2381159311532977,-2.000615187585354,-6.890620295405388,3.3029222500044852
-2.1104004621505736,-2.03086955845356,-7.177001130580902,3.3129412500129547
-1.621328819990158,-1.8016110500693323,-7.334386541247368,3.322961249999935
-0.9135069930553437,-1.2069706336408854,-7.898445800542832,3.3329812500160187
-0.1321616917848587,-0.5337878584116698,-8.546132522821427,3.343001250002999
0.49237882733345034,0.08647454537451267,-9.039090809226037,3.3530202500114683
0.5593516659736634,0.775896281003952,-9.48766872882843,3.3630402499984484
0.2871561759710312,1.4118863792717458,-9.616175326108934,3.3730602500145324
0.2690818476676941,1.94139458745718,-9.272680057883264,3.383079250023002
0.10109338849782944,2.123921271264553,-8.437857876420022,3.393099250009982
-0.39978553622961044,1.5554897564649584,-7.559869210124016,3.403119250026066
-0.9111800935864449,1.159817444086075,-6.723512134552002,3.4131382500054315
-1.2742173412442208,1.0041916067898273,-5.418152815103531,3.4231582500215154
-1.5690783932805061,0.4401121746003628,-3.57302473962307,3.4331782500084955
-1.7040178048610688,-0.9083645861595869,-1.6057196778059006,3.443197250016965
-1.7590148149430753,-1.5666123300790789,2.204288034439087,3.453217250003945
-1.7552306431531908,-1.7602893617749216,5.676390416622162,3.463237250020029
-1.990438985824585,-1.4700347462296486,7.919589332342148,3.4732562499993946
-2.2917591646313666,0.047437583506107335,9.878452184200288,3.4832762500154786
-2.1844884851574897,1.436883664727211,11.953023247718813,3.4932962500024587
-1.8566340802609922,1.6725523294508458,13.448574950695038,3.5033162500185426
-1.6170404720306397,0.8821233786642552,13.580007494688035,3.513335250027012
-1.7786516654491424,-0.17126461755484343,12.691498517990112,3.523355250013992
-2.6413267663121225,-0.6354425065219402,10.811136875152588,3.5333752500009723
-2.3772568595409393,-0.5439748044312,7.619483327865601,3.5433942500094417
-2.1767214824259282,-0.5791098462045193,5.0032267910242085,3.5534142500255257
-2.061489672660828,-1.3014136183261873,2.704626676440239,3.563434250012506
-1.6432653804123403,-1.7155198627710344,1.1070474922657014,3.5734532500209752
-1.1560506677627564,-1.6334028817713262,0.21756612360477448,3.5834732500079554
-0.7426086670160293,-1.1827058581262828,-0.0378069269657135,3.5934932500240393
-0.33414849400520324,-0.6496894667297602,-0.08460102438926698,3.603512250003405
-0.06795341670513154,-0.3565158480405808,0.08559855937957764,3.613532250019489
0.08934399336576462,-0.6142940776795149,0.6942364060878754,3.623552250006469
0.06288066476583482,-0.9526436499506236,0.8056422364711762,3.6335712500149384
-0.06080753445625305,-1.094334695264697,0.134721018075943,3.6435912500019185
-0.17844064950942995,-1.0572900259494782,-0.8541156542301178,3.6536112500180025
-0.19261342316865923,-0.8656731145083905,-1.7617421025037767,3.6636312500049826
-0.07102174311876297,-0.7254376604408026,-2.6875288331508638,3.673650250013452
0.10490577310323716,-0.7401832419633866,-3.6278219211101534,3.683670250000432
0.5371202597022057,-0.36367196291685105,-4.38577777504921,3.693690250016516
0.9511504903435708,0.29007474057376387,-4.363813294172287,3.7037092500249855
0.9364426964521408,1.1812427385896445,-3.8369762402772905,3.7137292500119656
0.7498454734683038,1.5518560042977334,-3.373579137325287,3.7237492499989457
0.5186550450325013,1.2357692670822145,-2.8957850199937822,3.733768250007415
0.5579573974013329,0.6243965314328671,-2.478425384759903,3.743788250023499
0.648886570930481,0.519310664087534,-1.918866142630577,3.7538082500104792
0.5394456973671914,0.791327375471592,-0.7581979286670685,3.7638272500189487
0.6165409433841705,0.8436073306202889,0.9151488912105561,3.773847250005929
1.0653878349065782,1.0243168459832668,1.7568456441164018,3.7838672500220127
1.155541960000992,1.530912739634514,0.968913454413414,3.7938862500013784
0.9049259117245675,1.3682404227554799,-1.03158917427063,3.8039062500174623
0.5409288436174393,1.1702716809511184,-3.087129889726639,3.8139262500044424
0.024841603338718415,1.252216169089079,-4.440785456299782,3.8239462500205263
-0.503339140713215,1.2029937230050565,-4.984100548624992,3.833965249999892
-0.8589094939827919,1.26315046235919,-5.1651584118604665,3.843985250015976
-1.2603968623280526,1.3963294234871866,-4.241854993700981,3.854005250002956
-1.367823954820633,1.064923639073968,-2.90166030228138,3.8640242500114255
-1.1287552803754808,0.12804368052631618,-2.3757488626241687,3.8740442499984056
-1.1237901172041893,-0.4671033971384168,-2.0889224696159365,3.8840642500144895
-1.626833096444607,-0.6514155647903681,-1.8520687204599382,3.8940824166929815
-2.09103594571352,-1.107669343650341,-1.946200121641159,3.9041024166799616
-2.0956108072400093,-1.5076392133533956,-0.523994722366333,3.9141224166669417
-1.6426328578591347,-1.533485953062773,1.578827748298645,3.924141416675411
-1.0813595044612885,-1.1543045429885388,3.3256612050533296,3.934161416691495
-0.4742577213048935,-1.2337025687098504,4.524805852174759,3.944181416678475
0.14681686073541642,-1.440168484300375,4.980395168066025,3.9542004166869447
0.9018593394756318,-1.6662288580834868,5.006175541877747,3.9642204166739248
1.6501108619570732,-1.7898843128979207,4.555454617738724,3.9742404166900087
1.9903904539346695,-1.8618534511327745,3.75452465236187,3.984260416676989
1.7461978644132614,-1.7153671042621137,2.9316372227668763,3.9942794166854583
1.2064551284909248,-1.393963201493025,2.2228424191474914,4.004299416672438
0.6683285629749298,-1.3288446611166,1.4893729501962663,4.014319416688522
0.26918125033378604,-1.4610708184540273,0.9321449929475785,4.024338416667888
0.028292922377586367,-1.686323984116316,0.5539312970638275,4.034358416683972
-0.14270392924547196,-2.0119052839279177,0.480030677318573,4.044378416670952
-0.3521164029836655,-2.2029358658194544,0.46844734311103825,4.054397416679421
-0.9234484291076661,-2.0162934730947017,-0.29844071745872497,4.0644174166664016
-1.051548644900322,-2.055479758232832,-0.9884261977672577,4.0744374166824855
-0.5554787626862526,-2.587633831501007,-1.1185185599327088,4.084456416690955
-0.2552499666810036,-2.4637593984603883,-1.4144385427236559,4.094476416677935
-0.16412374198436738,-1.8517570638656617,-1.7592155206203461,4.104496416664915
0.1856964594125748,-1.318771516531706,-2.1255061590671542,4.114515416673385
1.0184130585193634,-1.2563248613476754,-2.007393572330475,4.1245354166894685
1.9995524561405182,-1.2531993784010411,-1.6383278453350067,4.134555416676449
1.9972904607653619,-0.8123410990834237,-1.2648767066001894,4.144575416692533
1.5717926707863807,-0.32997387439012527,-0.8405910444259644,4.154594416671898
0.9709860000014305,-0.24229370623826982,-0.4460957765579224,4.164614416687982
1.092063271254301,-0.2545459619164467,0.720405035018921,4.174634416674962
2.1518838259577753,-0.7595609146356583,2.357861060500145,4.184653416683432
2.6058549249172214,-1.3071959298849107,3.528821543455124,4.194673416670412
2.85740097284317,-1.7477617022395135,4.568205056190491,4.204693416686496
2.769469374418259,-1.7708087950944902,5.39954639017582,4.214712416665861
2.033097932338715,-1.4938624423742295,5.498765453696251,4.224732416681945
0.7999986501038074,-0.8819232577085495,4.715589973926544,4.234752416668925
-0.5712171283364297,-0.4171637535095215,3.282330413460732,4.244771416677395
-1.8583505304157735,-0.362699570953846,1.840733308196068,4.254791416693479
-2.5879390561580657,-0.3363680970668793,0.7089146715402603,4.264811416680459
-3.0788379532098773,-0.164831839799881,-0.3029132527112961,4.274830416688928
-4.818262987732887,0.8546936514973641,-1.2354687201976777,4.2848504166759085
-4.728191600739956,1.418413479924202,-2.1104875856637957,4.294870416691992
-5.274432347416878,2.748821978867054,-2.911731546521187,4.3048904166789725
-5.2694686460495,3.8161063581705097,-3.1264132386446,4.314909416687442
-4.879492983520032,4.0323287916183475,-3.048499090075493,4.324929416674422
-3.9671773606538774,3.3162559586763383,-3.023578256964684,4.334949416690506
-3.0080310952663423,2.131866175532341,-3.1464493077993394,4.344968416669872
-2.4632407504320146,1.3361981195211412,-3.1394063365459446,4.354988416685956
-1.9090187005698682,0.8745774006843567,-2.8442599403858186,4.365008416672936
-1.5027035786211491,-0.008895953893661499,-2.5997843456268313,4.375027416681405
-1.0104804334044457,-0.8269015431404114,-2.546317990422249,4.385047416668385
-0.08511265575885774,-1.4749484539031983,-2.4580665493011478,4.395067416684469
1.3257340885698796,-2.9073724472522735,-2.025923398733139,4.405086416692939
2.7827685740590096,-3.6851801830530166,-1.2101923763751985,4.415106416679919
2.3948729123175148,-3.0075557166337967,-0.10133750975131989,4.425126416666899
1.6191423998773098,-1.9542072987556458,1.4338349264860153,4.435145416675368
0.9152443470060826,-1.2200215458869934,1.5630221396684647,4.445165416691452
-0.34963411375880243,-0.6718865936994552,1.7320750844478607,4.455185416678432
-1.31111546471715,0.13541566729545593,2.444000487327576,4.4652054166654125
-1.777190738618374,0.6774373555183411,2.592805693745613,4.475224416673882
-2.095694568604231,0.7553573513031007,2.6021372652053834,4.485244416689966
-2.280596391409636,0.30325940787792205,2.7497297590970993,4.495264416676946
-2.219185278117657,-0.44201968252658846,2.7305888986587528,4.505283416685415
-1.8292050839960576,-1.207175213098526,2.675982921123505,4.5153034166723955
-0.7820744490623475,-1.9815319222211838,2.6396021300554278,4.5253234166884795
0.6436381832510233,-2.0731560373306275,2.49422280728817,4.535342416667845
1.737447360008955,-1.4626938593387604,2.3153775304555895,4.545362416683929
1.9810552279651166,-0.8362354534864426,1.7441729736328127,4.555382416670909
1.8869622722268105,-0.7597275602817536,0.8598272144794464,4.565401416679379
1.4892636072635652,-0.8606043094396592,0.19319668292999267,4.575421416666359
1.0081247363984585,-0.8429416251182557,0.005422707796096802,4.585441416682443
-0.09235519979149104,-0.5487646973133088,0.04790799200534821,4.595460416690912
-1.37555923640728,-0.16013652563095093,-0.14295331299304964,4.605480416677892
-1.4694927093386652,-0.10080950617790223,-0.28086281776428224,4.615500416664872
-0.5047736819833517,-0.37493925511837006,0.16348698019981386,4.625520416680956
0.14323251754045488,-1.0364020174741746,0.7473735630512238,4.635539416689426
0.4803715699911118,-1.7018443948030473,0.9423969161510468,4.645559416676406
0.5365197506546975,-2.0958139979839325,0.5974796050786972,4.65557941669249
0.34361075073480607,-2.02136081635952,0.26630208134651184,4.665598416671855
0.007933209836483003,-1.584198415875435,0.04288932681083679,4.675618416687939
-0.07763289749622346,-0.53772924721241,-0.5871914291381837,4.685638416674919
-0.2680115879327059,0.9696806091070176,-1.215975272655487,4.695657416683389
-0.5202087964117528,2.099703565835953,-1.5203017973899842,4.705677416670369
-0.7700194638222456,4.498538405299187,-2.654302614927292,4.715697416686453
-0.6800954997539521,4.7115390229225165,-3.4904567921161656,4.7257164166658185
-0.5660624422878027,1.2641914129257203,-2.367566269040108,4.7357364166819025
-0.9294003830105066,-0.8330294251441956,-1.3141634720563888,4.745756416668883
-1.098611494973302,-0.8125103759765625,-1.384776202440262,4.755775416677352
-1.0269774021953344,-0.03432491004467011,-1.63875059902668,4.765795416693436
-0.9901778773963452,0.5259833604097367,-1.4168680608272552,4.775815416680416
-1.0004634951800109,0.350870361328125,-0.9678545236587525,4.785835416667396
-0.991286874935031,0.00578055739402771,-0.7212528812885285,4.795854416675866
-0.8423087371140718,-0.17404120445251467,-0.6395573383569718,4.80587441669195
-0.5417442378401757,-0.38403693795204163,-0.4858661985397339,4.81589441667893
-0.19081679306924343,-0.512325434088707,-0.1977235972881317,4.825913416687399
-0.02050223842263222,-0.3515094619989395,-0.04606202602386475,4.835933416674379
-0.08226396538317204,-0.17602048695087433,-0.24503458857536317,4.845953416690463
-0.17429862812161445,-0.08688494682312012,-0.4384961503744126,4.855972416669829
-0.07191636711359024,-0.15245036065578463,-0.39001337707042694,4.865992416685913
0.12133557200431824,-0.2032726049423218,-0.38995665907859806,4.876012416672893
0.2834451674669981,-0.29377522408962253,-0.6729402619600297,4.886031416681362
0.29370966218411926,-0.25961929857730864,-0.9794092065095902,4.89605200002552
0.24912438701838255,-0.12290730357170106,-1.2138837236166,4.9060720000125
0.284957001619041,-0.12943688929080963,-1.2898068952560426,4.91609199999948
0.08969256050884725,-0.07210727870464326,-1.1704511904716492,4.92611100000795
-0.17770550832152368,0.03493886768817902,-0.8188154286146164,4.936131000024034
-0.31977735355496406,0.01713701963424683,-0.33381286382675174,4.946151000011014
-0.42319892060011627,-0.047325609326362615,-0.028608087301254272,4.956170000019483
-0.46355980172753336,-0.047993946075439456,0.10148018181324006,4.966190000006463
-0.449655049815774,-0.2501877397298813,0.24415165901184083,4.976210000022547
-0.42410308286547665,-0.6971161597967148,0.2724124217033386,4.986229000001913
-0.27330686297267676,-0.8964313691854477,0.07056419849395752,4.996249000017997
-0.12083157856017351,-0.7098473024368287,0.0351634007692337,5.006269000004977
-0.20297417767345907,-0.5035721522569656,0.04085741937160492,5.016288000013446
-0.2318604828044772,-0.5862704926729203,0.020027883052825927,5.0263080000004265
-0.07402103584259749,-0.8651347321271897,0.06841476202011108,5.0363280000165105
0.09736458253115417,-1.2458709168434143,0.09243980169296265,5.04634700002498
0.20469647504389288,-1.8167661559581758,-0.1681746929883957,5.05636700001196
0.37042100194841626,-2.303468506336212,-0.5213880336284638,5.06638699999894
0.48326674573123457,-2.322061482667923,-0.7271837121248246,5.076407000015024
0.46153359532356264,-2.2169250369071962,-1.7368481665849687,5.0864260000234935
0.3247222707420588,-1.868409349322319,-2.300133254528046,5.096446000010474
0.4246020330861211,-1.657075772881508,-2.4397057074308397,5.106466000026558
0.48478424437344075,-1.5331452065706255,-2.6629161483049395,5.116485000005923
0.35286188643425703,-1.1968262261152267,-3.0085602682828907,5.126505000022007
0.19192688696086407,-0.40055356800556186,-3.1424369484186174,5.136525000008987
0.31707148142158986,0.6035507690906525,-2.675784115791321,5.146544000017457
0.47565878726542,1.491850415468216,-1.375352829694748,5.156564000004437
0.2979631278477609,2.159532276391983,0.5919721126556396,5.166584000020521
-0.25086864799261094,2.3348762404918673,2.3177088153362275,5.176602999999886
-0.6653551807254553,2.036443709135056,2.518633178472519,5.18662300001597
-0.878017610013485,1.5733676183223726,2.0836044269800187,5.19664300000295
-1.0192231902480127,1.3293387508392334,1.6199289965629577,5.20666200001142
-0.9873851010203362,1.1787293860316277,0.635232737660408,5.2166819999984
-0.935707262903452,0.9883665561676026,0.1350385218858719,5.226702000014484
-0.6035980584472418,0.1687772485613823,0.12755291640758515,5.236722000001464
-0.0836781144887209,-1.1140694135427476,0.19523853063583374,5.2467410000099335
0.4151031216233969,-1.7919657754898073,0.3544576281309128,5.256761000026017
0.6226815430819989,-1.5246430626511576,0.5209722965955734,5.2667810000129975
0.6987997193634511,-0.8163973125815392,0.8402530753612518,5.276800000021467
0.8303794670104981,-0.35337823212146763,1.1924834990501405,5.286820000008447
0.7655146957933903,-0.30764628142118455,2.2701656895875932,5.296840000024531
0.4656703542172909,-0.5862855492532254,3.4557266700267792,5.306859000003897
0.2572894755005837,-0.8198800604045392,3.299430010914803,5.316879000019981
0.3419605202972889,-0.9468865545094014,1.8206381821632387,5.326899000006961
0.5715983667969704,-1.0511998584866524,0.016766306161880493,5.33691800001543
0.8767521263659,-1.4373248371481897,-1.0845982772111893,5.34693800000241
1.0018524281680585,-1.3771841776371003,-1.0885164964199068,5.356958000018494
0.9388397625088692,-1.3155811294913293,-0.5695269906520843,5.366978000005474
0.8040018001198769,-1.1661388689279557,-0.10856291413307191,5.376997000013944
0.885119857415557,-0.9563346317410469,0.2090245109796524,5.387017000000924
0.8731628861278296,-1.0882264745235444,0.5793222463130951,5.397037000017008
0.7159799353033305,-1.3217271378636362,0.6666270232200623,5.407056000025477
0.5215024928748608,-1.29293720215559,0.22109550297260286,5.417076000012457
0.48077151954174047,-1.005901186466217,0.6383820480108261,5.4270959999994375
0.5884379824250937,-0.6693483173847199,2.2714281034469606,5.437115000007907
0.7749925938248635,-0.5957809889316559,4.0646165317296985,5.447135000023991
0.7947509202361107,-0.5679242688417435,4.781726660728455,5.457155000010971
0.3081622982025147,0.3102111625671387,6.256826557517052,5.467175000027055
-0.3539677776396275,1.7139013534784318,6.971547514200211,5.4771940000064205
-0.6071355508267879,1.7668116384744645,3.92930202126503,5.4872140000225045
-0.7876333969831467,1.4184713673591614,2.2459459376335147,5.497234000009485
-0.838223068267107,1.181237549185753,1.3079595762491227,5.507253000017954
-0.761373697668314,0.8849696570634842,-0.4243347787857056,5.517273000004934
-0.9479682894051076,1.0292520421743394,-1.4748034429550172,5.527293000021018
-1.2237256108224392,1.4451937276124955,-1.8409724593162538,5.537312000000384
-1.5593905802071095,2.0748534840345383,-1.858447448015213,5.547332000016468
-2.049707386940718,3.4270390605926515,-1.8385365092754364,5.557352000003448
-2.617841132283211,4.4610308557748795,-2.0657552164793014,5.567371000011917
-2.7308069998025895,4.330825642347336,-3.204788732528687,5.577390999998897
-2.34674462646246,3.5170540219545368,-4.120076202750206,5.587411000014981
-1.9840851089358331,2.635284546017647,-4.216535380482674,5.597430000023451
-1.8785171386599542,1.7391888070106507,-4.329218242764473,5.607450000010431
-1.8124487181007862,0.6471914631128312,-4.646670597195626,5.617470000026515
-1.403056937456131,-0.6065065366029739,-5.1794262027740485,5.627490000013495
-0.8466265404224396,-1.6822228932380676,-5.887991795539857,5.637509000021964
-0.317562647536397,-2.5116551113128662,-5.391073189973832,5.647529000008944
0.41602237701416017,-3.2974355256557466,-5.291311504840851,5.657549000025028
0.43701622009277347,-3.7977472704648974,-8.771744415163994,5.667568000004394
0.9262221289426089,-3.291748231351376,-7.262824223041535,5.677588000020478
1.7234146271646025,-2.906059747338295,-5.125886172652245,5.687608000007458
2.416042318046093,-2.991343141794205,-2.4111905908584594,5.6976270000159275
2.4568845346570014,-2.8234964776039124,-0.24579297244548798,5.707647000002908
1.9806029458343983,-2.0522580885887147,1.11899569272995,5.7176670000189915
1.472495546936989,-1.4344406980276108,1.510211257338524,5.727685999998357
1.2057498081028462,-1.2381900143623352,1.185214240550995,5.737706000014441
1.134453318938613,-1.0482934999465943,0.5885707873106003,5.747726000001421
1.267802068591118,-1.3625351482629777,-0.03433017253875732,5.757746000017505
0.70677203245461,-1.5179544326663017,0.13811941981315615,5.767765000025975
0.7465190655738115,-1.6245953670144082,0.3316072940826416,5.777785000012955
0.8402384573221207,-1.61823856651783,0.8355033820867539,5.787804999999935
0.5921969746425748,-1.4908090263605118,1.3017825776338579,5.797824000008404
0.35959144692867995,-1.410249012708664,1.4503182274103166,5.807844000024488
0.6011419720575214,-1.4321713936328888,0.6235622799396515,5.817864000011468
0.49179235160350804,-1.4361817064881326,1.2937888491153717,5.827883000019938
-0.39583223372697834,-0.8590319931507111,4.297299461960793,5.837903000006918
-0.14037173073738815,-0.2768972361087799,3.584643741846085,5.847923000023002
-0.7335191702842713,0.5218148803710938,0.979662390947342,5.857943000009982
-1.6933384501934052,0.9058082565665245,0.4332225465774536,5.867962000018451
-2.0261477856338024,1.0816889950633048,0.627248364686966,5.8779820000054315
-1.913671183884144,1.1471874582767487,0.3646516638994217,5.888002000021515
-1.6324139714241028,0.8593337094783784,-0.34696442127227783,5.89802129167947
-1.4817876496911049,0.5316285547614098,-1.05954705119133,5.90804129166645
-1.1468192298710347,0.3871605205535889,-0.5750882774591446,5.918061291682534
-0.3991870737075806,0.329555798470974,0.24104386389255525,5.928080291691003
0.221799873188138,0.48237365663051607,1.3659867596626283,5.9381002916779835
0.17469704277813436,0.5269823572039605,0.9634211647510529,5.948120291664964
-0.11174259345978499,0.13650017961859703,-0.25547537684440613,5.958139291673433
-0.23295990552753212,0.07961086437106132,-0.5053333336114884,5.968159291689517
0.005369790494441987,0.07990527167916299,-0.10105918228626251,5.978179291676497
0.592128562219441,0.005812424719333649,0.3341642814874649,5.9881982916849665
1.0665202213078737,-0.15186008423566819,0.3109046423435211,5.998218291671947
1.1399202463030815,-0.23451559379696849,0.22312039375305176,6.008238291688031
0.7619831968098879,-0.03913921505212784,0.3468381214141846,6.018258291675011
0.31301526792347434,0.0219568794965744,0.5107642275094986,6.02827729168348
-0.05500284816138447,-0.5267337043583393,0.6268671262264252,6.03829729167046
-0.3343642928078771,-1.3032829731702804,0.08331522166728973,6.048317291686544
-0.18441606536507607,-1.4901944839954377,-0.6551822680234909,6.05833629166591
0.0987222055066377,-1.0389331309497356,-0.9498971396684647,6.068356291681994
0.4920423200726509,-0.35088088631629943,-0.756181223988533,6.078376291668974
0.9230368582159282,0.13284099206328392,-0.8147165304422379,6.088395291677443
1.2442484606802464,-0.20127797350287438,-0.5331578940153122,6.098415291693527
0.8892322041839361,-0.5046745716780424,-0.5420240271091461,6.108435291680507
-0.3623951502889395,-0.2643323736637831,0.2841360890865326,6.118454291688977
-0.91555110655725,-0.08907513108104467,2.0010733169317247,6.128474291675957
-0.5009145196527243,-0.5336803792789578,2.2948163813352584,6.138494291692041
0.09679129044525325,-1.1698531664907932,1.4902126103639604,6.148514291679021
0.2761724737286568,-1.236319782435894,0.38936842918396,6.15853329168749
0.030495897419750694,-0.5502975814417005,-0.020520803332328797,6.1685532916744705
-0.2547250694409013,-0.044159981589764356,0.3531852740049362,6.1785732916905545
-0.5950757781788707,0.07806793947704137,0.43583391308784486,6.18859229166992
-0.911639392375946,0.05013195306994021,0.36963758468627933,6.198612291686004
-1.1656578623503446,0.07685670702718199,0.31033395409584047,6.208632291672984
-1.3769944354891779,0.09019408715888859,0.5576776081323624,6.218651291681454
-1.1916996797919275,0.18661922313272955,0.6734963321685792,6.228671291668434
-0.7933708311617375,0.3988031309098006,0.6213122713565826,6.238691291684518
-0.20878874028101566,0.4431394243240357,0.5516801190376281,6.248710291692987
0.7430668694525957,0.2788088005408645,0.5683055073022842,6.258730291679967
0.7975868929177523,0.932770498842001,0.5472222018241882,6.268750291666947
0.3717464926466346,1.4742654991149904,0.17228996336460115,6.278769291675417
0.05601331098005176,1.353840338587761,0.05414170861244202,6.288789291691501
-0.5941911309957505,1.1517222663760185,0.09871620297431946,6.298809291678481
-0.965348553210497,0.8340187740325928,-0.1329884880781174,6.308829291665461
-0.9143651450425387,0.6475015117228031,-0.8694605022668839,6.31884829167393
-0.30528005942702297,0.5361143558844924,-1.3427101635932923,6.328868291690014
0.19882075421512127,0.6793815547227859,-0.7855547118186951,6.338888291676994
0.2575818545557559,0.8783016385138035,0.19255699753761293,6.348907291685464
0.36104199495166545,0.6673082238435746,1.753419760465622,6.358927291672444
0.6300852875411511,0.42337199818342924,2.467345495820046,6.368947291688528
0.7088323719799519,0.47452172309160234,2.342191691994667,6.3789662916678935
0.6444744812697173,0.7889282628893852,2.2787739604711534,6.3889862916839775
0.4838372877985239,1.2031039430201054,1.9261277997493744,6.399006291670958
0.38355169214308266,1.3063913530111313,1.2530015963315964,6.409025291679427
0.3011401576548815,1.2232940863072872,0.7749110251665116,6.419045291666407
0.06991256285458804,1.1505700725317003,0.2851131588220596,6.429065291682491
-0.02365052551031113,0.9209341994673014,-0.42065395653247833,6.4390842916909605
0.040817621760070324,0.9405437142401935,-1.613002969622612,6.449104291677941
-0.1649684088304639,0.9270700483024121,-2.746707918047905,6.459124291664921
-0.6224187838286162,0.7317290452122689,-3.027173709869385,6.469144291681005
-1.3281543973088266,0.5464616617932916,-2.5676843011379242,6.479163291689474
-1.7279966515302658,0.13055008951574565,-1.6926233357191087,6.489183291676454
-1.319356530457735,-0.17925129286944866,-1.0605393236875535,6.499203291692538
-0.5651608381792903,-0.9367292100191117,0.13960110425949096,6.509222291671904
0.12716875433921815,-1.533112169802189,0.5950378078222275,6.519242291687988
0.569947551637888,-1.822453157901764,0.1941608887910843,6.529262291674968
0.7659064592421055,-2.080114370137453,-0.19972334504127504,6.539281291683437
0.6568295017629863,-2.167740305364132,0.5474514126777649,6.549301291670417
0.42853318925946954,-1.9291701060533524,1.5196884244680406,6.559321291686501
0.22608767297118904,-1.6832107803225518,1.7616748595237732,6.569340291665867
0.02518111643381417,-1.2582007943093778,1.6135508537292482,6.579360291681951
-0.14703578414395452,-0.9143563011288643,1.2880550694465638,6.589380291668931
-0.28133547378703955,-0.6710931265354156,0.718396516442299,6.599400291685015
-0.08834847749210895,-0.3913420106470585,0.1516820365190506,6.609419291693484
0.041447476521134376,-0.08834996670484543,-0.2581650960445404,6.6194392916804645
-0.0051041989959776405,-0.029693038165569306,-0.7789567136764527,6.629459291667445
-0.00026687971316277984,0.060433824285864836,-1.3350158125162126,6.639478291675914
0.12050901325419545,0.23425882793962957,-1.4849202954769136,6.649498291691998
0.07235958606004715,0.17175603948533535,-0.4845552527904511,6.659518291678978
0.22658841390162707,-0.12736229717731476,0.42659706652164464,6.669537291687448
0.40658566530793905,-0.537776828929782,0.7443657553195954,6.679557291674428
-0.698597990423441,-0.3994621121138334,0.2753816378116608,6.689577291690512
-1.4041424730420113,-0.7149362073093654,0.18153908908367158,6.699596291669877
-1.0361053443700077,-1.0704245533794166,2.4383158242702487,6.709616291685961
0.31104760676622395,-0.8112409454584122,3.8104275423288345,6.719636291672941
1.148499354198575,0.0016751541942358018,2.551101012825966,6.729656291689025
0.7487720708549023,0.6348762767761946,1.8037566858530045,6.739675291668391
0.056166800390928986,1.0879226385802032,0.9515454697608948,6.749695291684475
-0.013346813335083425,1.0976307707279922,-0.32978997945785526,6.759715291671455
0.003525216081761755,0.9465972635149956,-1.826128717660904,6.769734291679924
0.03559619294246659,0.4423975588381291,-3.347518681883812,6.7797542916669045
0.5848392770066858,-0.5727765807509423,-2.895950496196747,6.789774291682988
1.189269065335393,-0.8161888593435288,-0.6042173516750337,6.799793291691458
0.9038849611580372,0.8319368728995323,-0.9923555266857148,6.809813291678438
0.6259988877922297,2.1440057261288166,-1.3034057646989823,6.819833291665418
0.47671329606324436,2.180966414809227,-0.8470165497064591,6.8298522916738875
0.20798969998955727,1.6506442742049694,-1.0420556902885438,6.8398722916899715
-0.023848755257204177,1.0411916179955005,-1.2707648527622224,6.849892291676952
-0.1397836652956903,0.21341562375426293,-1.5360957115888596,6.859911291685421
-0.24904851939529182,-0.5949107770621777,-1.1032818853855133,6.869931291672401
-0.16932447485625746,-1.6582721132040024,6.607995126843453,6.879951291688485
-0.22180849783122542,-0.5527927710860968,3.5950102704763416,6.889971291675465
-0.4923748804628849,-0.5689909471571446,1.218562080860138,6.899989666679176
-0.717450217679143,-0.5727680291980505,-0.2529406088590622,6.910009666666156
-0.5272796150296927,-0.31529604747891427,-1.3029841804504396,6.92002966668224
-0.37046576969325545,-0.07189517095685005,-1.8061253929138184,6.930048666690709
-0.3492152338474989,-0.06643065556883812,-2.3879642808437347,6.940068666677689
-0.11947537170723081,-0.3780590370297432,-1.3218098759651185,6.950088666693773
0.07826710112392903,-0.6709747935086489,4.963013734817505,6.960107666673139
-0.22972608463838698,1.078304115012288,-2.399742327332497,6.970127666689223
0.21018112678080797,0.7750952855497599,0.019439653158187867,6.980147666676203
0.16785148814320566,0.40407132603228096,-0.2800868922472,6.990166666684672
-0.04272023264318705,-0.13251749485731126,0.11989130973815919,7.000186666671652
-0.48595723237842325,-0.4010749934613705,-0.18743425190448762,7.010206666687736
-0.4049838205799461,-0.516892913505435,-0.3912787145376206,7.020226666674716
0.08476123809814454,-0.7234883449226618,-0.2355977672338486,7.030245666683186
0.6534305883944035,-1.0336166962981224,0.06367325484752655,7.040265666670166
1.2042135983705522,-1.3320676463842394,0.4196891659498215,7.05028566668625
1.0504968038946392,-1.1863840491324664,0.6917969477176666,7.0603046666656155
0.49339616976678374,-0.7795104449987412,0.6063562631607056,7.0703246666816995
-0.1126906829327345,-0.4947863452881575,0.6628093761205673,7.08034466666868
-0.5994922532513738,-0.16731990315020084,0.4456028562784195,7.090363666677149
-0.6476019376516342,0.15839697897434235,-0.044866270422935485,7.100383666693233
-0.19226280950009825,0.48669818423688416,-0.43599295735359195,7.110403666680213
0.04973064221441746,0.507838426977396,-0.5533290338516236,7.1204226666886825
0.005580655708909035,0.3473326496779919,-0.43619877934455875,7.130442666675663
0.23611133549362423,0.06739193782210351,-0.13428130745887756,7.140462666691747
0.4413832131028176,-0.3034914692491293,0.30324128150939944,7.150482666678727
0.3080840186029673,-0.3813426871597767,0.6242586833238603,7.160501666687196
0.25843929391354326,-0.16584947459399701,0.4692677074670792,7.170521666674176
0.21952709700912237,0.18009424209594727,0.027015890479087833,7.18054166669026
0.08475645069032908,0.12312606252729894,-0.31810081064701085,7.190560666669626
-0.06273846779018641,-0.2803588608652353,-0.26467187762260436,7.20058066668571
0.009816963449120522,-0.3761896821856499,0.07332759261131287,7.21060066667269
0.1673927375301719,-0.23086948938667776,0.5615747773647308,7.220619666681159
0.2237510159611702,0.029232569932937623,0.38292889058589935,7.230639666668139
0.4886229414492846,0.19828207947313786,-0.5840275007486344,7.240659666684223
0.532202312797308,0.030632466450333597,-1.0226476120948793,7.250678666692693
0.3448414434492588,-0.20466003958135845,0.0732276052236557,7.260698666679673
0.09716968752443791,-0.03975459795445204,0.39533902108669283,7.270718666666653
-0.2969953040219844,0.30163369920104743,0.5043106555938721,7.2807376666751225
-0.39529911383986477,0.4345016980916262,0.3870856761932373,7.290757666691206
-0.08448987247422338,0.5448371225595474,-0.08501676142215729,7.3007776666781865
0.028574794717133048,0.6675288100540638,0.5773874026536941,7.310797666665167
-0.3393287250772119,0.7919363629817963,-1.3388638651371003,7.320816666673636
-0.012571367472410203,0.4031232365593314,-0.2250651776790619,7.33083666668972
-0.808186798542738,0.30249367844313385,-0.2520921778678894,7.3408566666767
-0.8837811373919249,0.10390966337174178,-0.6088565325737,7.35087566668517
-0.3175082684308291,-0.38574220530688763,-0.1909074980020523,7.36089566667215
0.0240056113852188,-1.0818554945290089,0.044510759711265564,7.370915666688234
0.10507822941988706,-1.947895667999983,0.641907919049263,7.380934666667599
-0.19999034352600575,-1.9362342734634876,-0.6396391993761062,7.390954666683683
-0.6525968485325575,-1.0504077069461346,1.048146150112152,7.400974666670663
-0.3496462467312813,-0.2812235909700394,0.9965304386615753,7.410993666679133
0.4893335243314505,-0.09348561275750399,-0.13134892880916596,7.421013666666113
0.5320950529351831,0.08222716446965933,-0.5137708657979966,7.431033666682197
0.030775065422058108,0.3039436782896519,-0.31497664332389835,7.441053666669177
-0.30224690767005086,0.2916182593256235,0.014150846600532532,7.451072666677646
-0.006409142212942243,0.2548793262988329,0.10125272512435914,7.46109266669373
0.026119283912703396,0.2619868361949921,-0.12464217245578767,7.47111266668071
0.08307904897257685,-0.12030752185732127,-0.2804166752099991,7.48113166668918
0.09050540571101011,-0.3808358431980014,-0.2115850067138672,7.49115166667616
0.02411758099682629,-0.3880454235523939,0.01772174119949341,7.501171666692244
-0.011190912947058679,-0.24905824039131405,0.10591646432876588,7.5111906666716095
-0.16297664618119598,-0.06412641406059265,0.06076368033885956,7.5212106666876934
-0.15310254447162153,0.03910530120134354,0.06685063183307648,7.531230666674674
-0.07992016380652786,0.15956898026168348,0.05801022648811341,7.541249666683143
0.037730237077921634,0.21952589102089407,0.03991894125938416,7.551269666670123
0.08583330681547523,0.23808710966259242,0.04895756721496582,7.561289666686207
0.09889860869385303,0.15675297947600483,0.0378332394361496,7.571309666673187
0.20480852231383326,0.0196142290905118,0.014614530801773072,7.581328666681657
0.35002171106636526,-0.15774174364283683,-0.12087071835994721,7.591348666668637
0.18871022399514914,-0.1736218494549394,-0.2589345896244049,7.601368666684721
-0.20321585040539505,-0.002520003765821457,-0.09747717797756196,7.61138766669319
-0.2566092250496149,0.004332421347498894,0.007737035751342774,7.62140766668017
-0.14933280799537899,-0.14274743618443608,-0.07562554836273194,7.63142766666715
-0.0671444726921618,-0.2737572447583079,-0.20492561280727387,7.64144666667562
-0.01503771389834583,-0.42225105039775374,-0.6675280791521073,7.651466666691704
-0.08975485162809492,-0.5451218088716269,0.6532708132266999,7.661486666678684
0.26698541985824703,-0.19657964436337352,-0.637900237441063,7.671505666687153
0.573415206335485,-0.4226160628348589,0.8769811910390855,7.681525666674133
0.058620250965468586,-0.11056511954404415,1.7964102441072465,7.691545666690217
0.05544299731962383,-0.09043702069669962,-0.8761567336320878,7.701565666677197
-0.009092780080391095,-0.04677394280210138,0.33018875956535343,7.711584666685667
0.028035544389858842,-0.07530055737588555,-0.1479234462976456,7.721604666672647
0.006621759879053571,-0.0574426902551204,0.11582983374595643,7.731624666688731
0.01694554730434902,-0.06694008509628475,-0.06858900904655457,7.741643666668097
0.02120349088450894,-0.07362065231893213,0.015688079595565795,7.7516636666841805
0.014638093253597618,-0.09575281580910087,-0.0034720766544342045,7.761683666671161
0.008732363189337776,-0.09201664600521327,-0.0037696999311447143,7.77170266667963
0.01959879107074812,-0.08515037943609059,-0.004666662812232971,7.78172266666661
0.022622402273118496,-0.08137902583926916,0.0011735361814498902,7.791742666682694
0.0261870476603508,-0.08331902235746384,-0.025318443775177002,7.8017616666911636
0.023774573276750744,-0.07940781980752945,-0.01529046893119812,7.811781666678144
0.02303928134031594,-0.07244840435218067,0.0035714793205261232,7.821801666665124
0.02423779152799398,-0.06257216018624603,-0.013493034839630127,7.831820666673593
0.021181141273118556,-0.05878130977973342,-0.0009185975790023804,7.841840666689677
0.020000652386806907,-0.05283665576018393,-0.005558363199234009,7.851860666676657
0.029897279581055047,-0.06653164794668556,-0.0060068446397781375,7.861880666692741
0.020751756930258127,-0.07870734164491296,-0.009449685215950012,7.871899666672107
0.014243063586764039,-0.08131939337588848,-0.009000034332275392,7.881919666688191
0.017271333147073166,-0.09044866944663227,-0.017079716920852663,7.891939666675171
0.011711845044046642,-0.08073941353708507,0.0005905687808990479,7.901959291688399
0.009691989492857829,-0.08631252268329263,-2.3388862609863282e-06,7.9119792916753795
0.014816045039333404,-0.07824605114758015,-0.01301882565021515,7.921999291691463
0.023583995159715414,-0.0780810134857893,-0.011067609786987306,7.932018291670829
0.035650158631615345,-0.07242956992238761,-0.010312734246253967,7.942038291686913
0.03326816742774099,-0.06123080891557038,-0.009259065985679627,7.952058291673893
0.020893010585568847,-0.06091440145857632,-0.004462594985961914,7.962077291682363
0.02034625252475962,-0.05649672039784491,-0.011940014362335206,7.972097291669343
0.009986878739437089,-0.06032763336785138,-0.008041090965270996,7.982117291685427
0.009619755822932348,-0.06241305196657777,-0.01147749960422516,7.992137291672407
0.009977230833610521,-0.0716522831004113,-0.0024891597032547,8.002156291680876
0.013890854496276007,-0.06695706029422581,-0.009667201638221741,8.012176291667856
0.019778474180493506,-0.07150126961991192,-0.0029247772693634035,8.02219629168394
0.024217856177128853,-0.08000120256096126,0.000523325800895691,8.03221529169241
0.029221021682024003,-0.06991407947614789,-0.012044679522514343,8.04223529167939
0.019573814780451358,-0.07169092954136431,-0.017428795695304873,8.05225529166637
0.016536781248869377,-0.07214832798577846,-0.006048944592475892,8.06227429167484
0.013064743423601612,-0.07157381163910032,-0.009935588836669923,8.072294291690923
0.00636768065742217,-0.06239574786275626,-0.007383279204368592,8.082314291677903
0.008517749818274752,-0.05360450481064618,-0.0072289127111434945,8.092333291686373
0.019294687891379,-0.048365317359566694,-0.012013104557991029,8.102353291673353
0.01942282642470673,-0.05336963860318065,-0.003472661375999451,8.112373291689437
0.01796365832677111,-0.056350165419280535,-0.00840478777885437,8.122393291676417
0.018414263951126487,-0.05606006129644812,-0.0010630238056182862,8.132412291684886
0.013893733564764262,-0.05736854025162757,-0.00015845954418182374,8.142432291671867
0.006659859856590629,-0.06677659146487713,-0.004194207787513733,8.15245229168795
0.0018512467481195927,-0.06597215163521469,-0.014667155742645264,8.162471291667316
0.012441659783944488,-0.07112801626324654,-0.00822703242301941,8.1724912916834
0.02080873073777184,-0.057079660389572386,-0.012563327550888062,8.18251129167038
0.022797419030684978,-0.05664689334109426,-0.011211451292037964,8.19253029167885
0.03386698398040608,-0.0494365546759218,-0.00042860090732574466,8.20255029166583
0.037126770161557944,-0.03824313838966191,0.0003256899118423462,8.212570291681914
0.03243236276786775,-0.029898869292810562,-0.011046559810638429,8.222590291668894
0.02276315800147131,-0.03212770912796259,-0.012238222360610963,8.232609291677363
0.00890794296981767,-0.031816865662112837,0.0036328750848770145,8.242629291693447
0.013060580708552153,-0.038130488125607376,-0.007286800146102905,8.252649291680427
-0.0008985868538729847,-0.0541886873356998,-0.01865904986858368,8.262668291688897
-0.010241256603039801,-0.06181032280437648,-0.0074271333217620856,8.272688291675877
-0.002391056672204286,-0.06848971601575614,0.0021576225757598878,8.28270829169196
0.0016311127832159401,-0.07492541737854481,-0.003827587366104126,8.292727291671326
0.011516936332918705,-0.07167817530222237,-0.016099138855934145,8.30274729168741
0.02344271637964994,-0.06559010004624724,-0.010558902025222779,8.31276729167439
0.019585682800970974,-0.06489575232379138,-0.006365278959274292,8.32278629168286
0.014595924778841437,-0.05093335052020848,0.003068034052848816,8.33280629166984
0.01604850333882496,-0.04487378044053912,-0.0032147991657257083,8.342826291685924
0.010378414923325181,-0.03536717623472214,-0.01219261407852173,8.352846291672904
0.0010387829854153097,-0.03397680885158479,-0.001561206579208374,8.362865291681373
0.005050550792366266,-0.031785848010331394,0.0035323029756546024,8.372885291668354
0.009587275225203485,-0.048304213955998425,-0.006490994095802308,8.382905291684438
0.015827967377845198,-0.04622543742880225,-0.01202304482460022,8.392924291692907
0.016588121401146055,-0.058219163948670036,0.04516506314277649,8.402944291679887
0.021993625592440367,-0.0674080359376967,-0.028329175114631653,8.412964291666867
0.008700960671994835,-0.07414685147814452,-0.002279244661331177,8.422983291675337
0.013585537334438414,-0.06533685165457429,-0.019491693377494814,8.43300329169142
0.00519624010892585,-0.07098479602485895,0.03724091649055481,8.4430232916784
-0.0006215635919943453,-0.05817294353619218,-0.06125543117523194,8.45304229168687
0.003297683447599411,-0.047616343852132564,0.014488230943679811,8.46306229167385
0.008259598673321307,-0.029282682398334148,0.004757879376411438,8.473082291689934
-0.0016546432580798866,-0.033176060076802974,-0.004373132586479187,8.483102291676914
0.015475992404390126,-0.026991898622363807,-0.0021272170543670654,8.493121291685384
0.016276145037263632,-0.033867612099274996,0.0004174911975860596,8.503141291672364
0.01696902867173776,-0.036500357491895556,0.010148427486419679,8.513161291688448
0.016233812109567227,-0.0453778469748795,-0.020237798094749453,8.523180291667813
0.008376019934657962,-0.05214540523476899,0.005510416030883789,8.533200291683897
0.006885075874160975,-0.059491645982488996,-0.010356588363647461,8.543220291670877
0.005999284372664988,-0.058302304046228534,-0.0036211806535720826,8.553239291679347
-7.103681797161698e-05,-0.052502286387607455,-0.01260133445262909,8.563259291666327
0.002580677764490247,-0.05520106877200306,-0.004965455532073975,8.573279291682411
0.008661434864625336,-0.047689306139945986,-0.010653626918792725,8.58329829169088
0.008218453461304308,-0.042998386519029735,-0.018885921835899353,8.59331829167786
0.014378675592597574,-0.031957938876003025,-0.00047303974628448486,8.60333829166484
0.013179413946345449,-0.036841981066390875,-0.001516767740249634,8.613358291680925
0.018499496255535635,-0.03708231990225613,-0.012138819694519043,8.623377291689394
0.01954698611050844,-0.03907890650443733,0.008222939372062683,8.633397291676374
0.011247909595258534,-0.03806651593185961,0.007479173541069031,8.643417291692458
0.014363646421115846,-0.036431926796212794,-0.010478795170783997,8.653436291671824
0.008061540231574326,-0.04532853850163519,-0.013767853975296021,8.663456291687908
0.0038743468187749388,-0.04353391838259995,0.003300168514251709,8.673476291674888
0.010047266087494792,-0.05215697175823152,-0.007775042653083802,8.683495291683357
0.002064619869925082,-0.0531199533585459,-0.01495717763900757,8.693515291670337
0.003985046488232911,-0.04994528071023524,-0.0008823448419570923,8.703535291686421
0.012790224642958493,-0.052275350466370586,-0.012703660726547241,8.713555291673401
0.0073447583871893585,-0.04331056388095021,-0.005664782524108887,8.72357429168187
0.012981944794300945,-0.04546038407832384,-0.002071083784103394,8.733594291668851
0.020364486244507134,-0.03661202103830874,-0.021975590586662295,8.743614291684935
0.01137244158424437,-0.03137859857641161,-0.011045975089073182,8.753633291693404
0.014171115425415338,-0.028140346594154837,-0.011940014362335206,8.763653291680384
0.008021103080827744,-0.025476629231125116,-0.015978686213493347,8.773673291667365
0.012686416008509695,-0.02915456442162395,-0.016723036766052246,8.783692291675834
0.011084856789093465,-0.03181019618175924,0.006482807993888855,8.793712291691918
0.00847500233212486,-0.03916275923140347,0.0001988053321838379,8.803732291678898
0.0033722445834428075,-0.054889156362041835,0.006189277768135071,8.813752291665878
-0.000319287667516619,-0.05669734384864569,-0.0138655024766922,8.823771291674348
0.020953883298207077,-0.06208323245868087,-0.00952043652534485,8.833791291690432
0.0300406391476281,-0.06320453655906022,-0.02763043284416199,8.843811291677412
0.024000371731817724,-0.05369640659540892,-0.004426926970481873,8.853830291685881
0.022972789818886667,-0.03748827198520303,-0.013405911326408388,8.863850291672861
0.021302315681241454,-0.023023037044331434,-0.022535169124603273,8.873870291688945
0.022099878180306405,-0.025502695022150874,-0.00471811830997467,8.88388929166831
0.00787926698802039,-0.01920811255462468,-0.011450602412223817,8.893909291684395
0.0022264575515873733,-0.011328148925676943,-0.004561997652053834,8.903929250023793
-0.008245389482472092,-0.011528607923537493,-0.0008168560266494752,8.913949250010774
0.001781977799255401,-0.013026125533506275,-0.0003666204214096069,8.923968250019243
0.005989778079092503,-0.0168941043689847,-0.003956810832023621,8.933988250006223
0.008995980110485108,-0.03217057652771473,-0.00889419972896576,8.944008250022307
0.005744743198156357,-0.04525730296969414,-0.010539606213569641,8.954027250001673
-0.006489781255368143,-0.0707604456692934,-0.010240813493728637,8.964047250017757
0.028874887072015555,-0.0462529924325645,-0.02131602466106415,8.974067250004737
0.030080290578771384,-0.03715427719987929,-0.002753453850746155,8.984086250013206
-0.008630396656226367,-0.061045086728408936,-0.0008063310384750366,8.994106250000186
0.012562706284224987,-0.045176145443692806,0.007426548600196839,9.00412625001627
0.007254843742121012,-0.02678202926181257,-0.002452906966209412,9.01414625000325
-0.019677559460978957,-0.04716158579103649,-0.01712298631668091,9.02416525001172
0.0166102083446458,-0.02435973795130849,-0.0043982756137847905,9.0341852499987
0.004209682352375239,-0.038820825023576616,-0.007539399862289429,9.044205250014784
0.010306242923252286,-0.03762423802167177,0.004437451958656311,9.054224250023253
0.01545513657387346,-0.03883071047253907,-0.0036439847946166995,9.064244250010233
0.022637682692147793,-0.05285537598654628,-0.00019763588905334474,9.074264250026317
0.022363082827068868,-0.04211805165745318,-0.0004940897226333619,9.084284250013297
0.01631559775443748,-0.03567830292508006,-0.009623347520828248,9.094303250021767
0.012240602360107005,-0.032917731916531925,-0.011565792560577394,9.104323250008747
0.00411864166148007,-0.032072562575340274,-0.008869641423225404,9.114343250024831
0.010391347319819035,-0.028502362333238128,-0.014404615759849549,9.124362250004197
0.010760879928711803,-0.023488804316148162,-0.0024265944957733154,9.13438225002028
0.012684428868815304,-0.023673667693510654,0.003262746334075928,9.14440225000726
0.009380450528115035,-0.03202406723052263,-0.00541452169418335,9.15442125001573
0.017884720915462823,-0.030281067062169317,-0.006160041689872742,9.16444125000271
0.01021435484290123,-0.041142854858189824,-0.014988167881965638,9.174461250018794
0.012004747150931508,-0.038691994417458776,-0.023819217681884768,9.184481250005774
0.01140942065510899,-0.0380931481719017,-0.007800185680389405,9.194500250014244
0.009981295333709568,-0.0369330788590014,0.003277949094772339,9.204520250001224
0.001464005755260587,-0.033130241660401225,-0.007199091911315918,9.214540250017308
0.008255772858392447,-0.03192686640657485,-0.011539480090141297,9.224559250025777
0.007291491623036564,-0.019881282392889263,0.009719241857528687,9.234579250012757
0.013815604713745416,-0.02363304781727493,-0.009887641668319702,9.244599249999737
0.010422963397577405,-0.030997442342340947,-0.017818220257759095,9.254618250008207
0.006879276623949409,-0.03738230033777654,-0.01751650393009186,9.26463825002429
0.012161352031398565,-0.026016911957412958,0.006737161874771119,9.27465825001127
0.004560988093726337,-0.03090765103697777,-0.003589020967483521,9.28467725001974
0.0036764368414878845,-0.03804956814274192,-0.0023891723155975344,9.29469725000672
0.006170731130987406,-0.03537107742391527,-0.0047806835174560545,9.304717250022804
0.00867629501502961,-0.026793285151943565,-0.00792414665222168,9.314737250009784
0.022512604810763153,-0.028255865648388865,-0.006424920558929443,9.324756250018254
0.014888025177642704,-0.028916948195546868,0.0034557044506073,9.334776250005234
0.021015681058634075,-0.027365974243730308,-0.007618921995162964,9.344796250021318
0.01949485681252554,-0.03498195435851813,0.001814391016960144,9.354815250000684
0.014978615907020867,-0.02695966584607959,0.000470116138458252,9.364835250016768
0.007482937686145306,-0.0202375970967114,-0.013449180722236633,9.374855250003748
0.006972430078312755,-0.024033984085544944,0.001670549511909485,9.384875250019832
-0.0010259922011755407,-0.0264819757360965,-0.00985197365283966,9.394894249999197
0.002939694521483034,-0.026977125266566874,-0.011347106695175172,9.404914250015281
0.0005700738332234324,-0.034314522100612525,0.008114765882492065,9.414934250002261
0.0007587287644855678,-0.029705289909616114,-0.0011665195226669312,9.42495325001073
0.005249607372097671,-0.028692515613511205,-0.003559200167655945,9.434973250026815
0.008497246876358987,-0.033514595590531826,0.00227865993976593,9.444993250013795
0.009293454922735691,-0.031999545469880104,-0.00490639865398407,9.455013250000775
0.01186706806300208,-0.02602676999755204,-0.009245617389678955,9.465032250009244
0.015229283301159741,-0.027925406601279977,-0.012386741638183594,9.475052250025328
0.016012440179474653,-0.026103788791224363,-0.0014588803052902222,9.485072250012308
0.007344728694297374,-0.017873065313324332,0.002583884596824646,9.495091250020778
0.006937056707683951,-0.019245553007349373,-0.019718565344810486,9.505111250007758
0.0030952829914167525,-0.02160811135545373,-0.02241062343120575,9.515131250023842
0.004353151554241777,-0.02474711598828435,-0.006690968871116638,9.525150250003207
0.006653989800252021,-0.022711051544174552,0.0024406278133392335,9.535170250019291
0.014104639892466367,-0.02851661492139101,-0.0033948934078216553,9.545190250006272
0.011727922603022307,-0.0382240709848702,-0.011926565766334534,9.555210250022355
0.013830035459250212,-0.03568487190641463,-0.009381272792816163,9.565229250001721
0.005180279037449509,-0.03314896188676358,-0.010277650952339172,9.575249250017805
0.0038230671943165363,-0.029363648062571884,-0.001146054267883301,9.585269250004785
-0.0009194541047327221,-0.02593580924905837,5.1455497741699224e-05,9.595288250013255
0.0055841274932026865,-0.022553633535280823,-0.013269671201705933,9.605308250000235
0.006743166691157967,-0.02944957472383976,-0.009824491739273071,9.615328250016319
0.013851857450790704,-0.019881455982103946,-0.007128340601921082,9.625347250024788
0.009861210426315666,-0.02392069428227842,-0.008024134039878845,9.635367250011768
0.011056520633865148,-0.01562134824693203,0.00350189745426178,9.645387249998748
0.016109302961267533,-0.017230584220960736,-0.00951868236064911,9.655407250014832
-0.001127322621177882,-0.018567677987739444,-0.01520509958267212,9.665426250023302
-0.00038889465853571894,-0.02396828513592482,-0.006972219944000244,9.675446250010282
-0.001031263831537217,-0.012048900481313468,-0.004875408411026001,9.685466250026366
-0.0043458288302645086,-0.02413237262517214,-0.014453147649765016,9.695485250005731
-0.0006834549992345274,-0.037332617277279496,-0.0051701080799102786,9.705505250021815
0.00940835042623803,-0.03506940677762032,-0.005467146635055542,9.715525250008795
0.014292497683782131,-0.03300283631309867,-0.005914458632469178,9.72554525002488
0.018251190588343888,-0.0337536370754242,0.0032171380519866945,9.735564250004245
0.013550456324592234,-0.0342227025423199,-0.002321344614028931,9.745584250020329
0.004834190108813346,-0.03064388679340482,-0.015492197871208192,9.755604250007309
0.0008119201543740929,-0.019519741740077735,-0.004414647817611694,9.765623250015778
-0.0023062560567632317,-0.01651543320156634,-0.008306554555892945,9.775643250002759
-0.0028495217766612768,-0.01219823288731277,-0.0048625445365905766,9.785663250018843
-0.0011319912574253978,-0.010265289572998881,-0.014292933940887452,9.795683250005823
0.007850019489414991,-0.020270743500441314,-0.006206819415092469,9.805702250014292
0.00885688033187762,-0.01662695056758821,0.006666995286941529,9.815722250001272
0.0028556750575080515,-0.027029667980968952,-0.003209536671638489,9.825742250017356
0.01959599080262706,-0.029385374123230577,-0.013835096955299378,9.835761250025826
0.021416215330827982,-0.03456042492762208,-0.015329060554504396,9.845781250012806
0.0067295924713835125,-0.030565241742879154,-0.011735361814498902,9.855801249999786
0.011683536297641696,-0.032031376250088214,-0.009190653562545777,9.865820250008255
0.007022213637828827,-0.03831876846961677,-0.0021552836894989016,9.87584025002434
0.0027457496873103085,-0.030153679987415673,-0.009788239002227783,9.88586025001132
0.004768884018994868,-0.02851138897240162,-0.011135437488555909,9.8958802499983
0.005476445078384132,-0.019788996884599327,-0.025504969954490662,9.90589937500772
-0.0014061365928500892,-0.02887591718696058,-0.007539399862289429,9.915919375023805
-0.0013601148943416775,-0.027080940753221514,0.006535432934761048,9.925939375010785
-0.0007366007077507675,-0.020128117119893433,-0.007384448647499085,9.935958375019254
